{
  "main": {
    "id": "ec6e110b6c82af60",
    "type": "split",
    "children": [
      {
        "id": "edbea6a9f4e830e5",
        "type": "tabs",
        "children": [
          {
            "id": "11571736687449d6",
            "type": "leaf",
            "state": {
              "type": "markdown",
              "state": {
                "file": "11-Exfiltration/T1567 Exfiltration Over Web Service.md",
                "mode": "source",
                "source": false
              }
            }
          }
        ]
      }
    ],
    "direction": "vertical"
  },
  "left": {
    "id": "692dfdf0052a442c",
    "type": "split",
    "children": [
      {
        "id": "7835536cc61a3b51",
        "type": "tabs",
        "children": [
          {
            "id": "ed855e5b4888d3b7",
            "type": "leaf",
            "state": {
              "type": "file-explorer",
              "state": {
                "sortOrder": "alphabetical"
              }
            }
          },
          {
            "id": "dbcf381d9a19a4bc",
            "type": "leaf",
            "state": {
              "type": "search",
              "state": {
                "query": "",
                "matchingCase": false,
                "explainSearch": false,
                "collapseAll": false,
                "extraContext": false,
                "sortOrder": "alphabetical"
              }
            }
          },
          {
            "id": "1c057a3a809a111a",
            "type": "leaf",
            "state": {
              "type": "bookmarks",
              "state": {}
            }
          }
        ]
      }
    ],
    "direction": "horizontal",
    "width": 300
  },
  "right": {
    "id": "f70001bf7cf21967",
    "type": "split",
    "children": [
      {
        "id": "ac5e7382231f2251",
        "type": "tabs",
        "children": [
          {
            "id": "a5ddcdbaf8070de3",
            "type": "leaf",
            "state": {
              "type": "backlink",
              "state": {
                "file": "11-Exfiltration/T1567 Exfiltration Over Web Service.md",
                "collapseAll": false,
                "extraContext": false,
                "sortOrder": "alphabetical",
                "showSearch": false,
                "searchQuery": "",
                "backlinkCollapsed": false,
                "unlinkedCollapsed": true
              }
            }
          },
          {
            "id": "ea54b5053504a266",
            "type": "leaf",
            "state": {
              "type": "outgoing-link",
              "state": {
                "file": "11-Exfiltration/T1567 Exfiltration Over Web Service.md",
                "linksCollapsed": false,
                "unlinkedCollapsed": true
              }
            }
          },
          {
            "id": "8ba7770ddfc1c0c0",
            "type": "leaf",
            "state": {
              "type": "tag",
              "state": {
                "sortOrder": "frequency",
                "useHierarchy": true
              }
            }
          },
          {
            "id": "18f56a7c085b70b9",
            "type": "leaf",
            "state": {
              "type": "outline",
              "state": {
                "file": "11-Exfiltration/T1567 Exfiltration Over Web Service.md"
              }
            }
          }
        ]
      }
    ],
    "direction": "horizontal",
    "width": 300,
    "collapsed": true
  },
  "left-ribbon": {
    "hiddenItems": {
      "switcher:Open quick switcher": false,
      "graph:Open graph view": false,
      "canvas:Create new canvas": false,
      "daily-notes:Open today's daily note": false,
      "templates:Insert template": false,
      "command-palette:Open command palette": false
    }
  },
  "active": "11571736687449d6",
  "lastOpenFiles": [
    "11-Exfiltration/T1048 Exfiltration Over Alternative Protocol.md",
    "11-Exfiltration/T1030 Data Transfer Size Limits.md",
    "10-C2/T1573 Encrypted Channel.md",
    "10-C2/T1105 Ingress Tool Transfer.md",
    "10-C2/T1090 Proxy.md",
    "10-C2/T1071 Application Layer Protocol.md",
    "10-C2/T1001 Data Obfuscation.md",
    "9-Collection/T1560 Archive collected Data.md",
    "9-Collection/T1213 Data from information Repositories.md",
    "9-Collection/T1119 Automated  Collection.md",
    "9-Collection/T1005 Data from Local system.md",
    "9-Collection/T1074 Data staged.md",
    "9-Collection/T1114 Email Collection.md",
    "9-Collection/T1113 Screen Capture.md",
    "9-Collection/T1056 Input Capture.md",
    "9-Collection/T1039 Data from Network Shared Drive.md",
    "10-C2/Commands List.md",
    "8-Lateral Movement/T1550 Use  Alternate Authentication material.md",
    "8-Lateral Movement/T1210 Exploitation of Remote Service.md",
    "8-Lateral Movement/T1091 Replication Through Removable  Media.md",
    "8-Lateral Movement/T1021  Remote Services.md",
    "7-Discovery/T1120 Peripheral Device Discovery.md",
    "7-Discovery/T1083 File and  directory Discovery.md",
    "7-Discovery/T1057 Process Discovery.md",
    "7-Discovery/T1040   Network Sniffing.md",
    "7-Discovery/T1025 Data from Removable Media.md",
    "12-Impact",
    "11-Exfiltration",
    "10-C2",
    "9-Collection",
    "8-Lateral Movement",
    "7-Discovery",
    "6-Credential Access",
    "5-Defense Evasion",
    "4-Privilege Escalation",
    "3-Persistence"
  ]
}